PetID,AdoptionSpeed
6697a7f62,2
23b64fe21,1
41e824cbe,3
6c3d7237b,4
97b0b5d92,4
5eb355cea,3
bf2b57c9d,2
4f6029457,1
fe09dbb56,2
9b3e95995,4
409ccc60e,3
ef7ffcc3e,1
be0888771,4
7cdd625cc,1
f7550219b,2
95b94b4ac,4
a7d9451a5,2
b51b41933,4
4cfd0fac0,1
68c69f5c1,3
b71eb2942,1
9ba11975b,1
97916de84,2
bd0bfa1f6,2
699365a99,4
684567fc4,2
3ca4780f5,2
9e876d171,3
25c1c662b,4
9c833c8c4,3
cf98480e0,1
ecb6979fa,1
11948e0ef,2
31893804f,4
87554ea1f,2
0fd9076d7,3
8a7860ee2,1
89bac4c29,3
21493e6ea,4
de7905c9c,4
6d53b2d19,1
64c4f9057,4
9f40dbc58,4
6f358dea9,2
16d4039e7,2
c634af483,4
c1db71d88,2
7d2e1dd01,2
e77941c00,4
228e88a51,2
d5124cdcc,2
ca28c5e51,4
38fd4509d,3
d3e488484,3
65ba8b6a0,4
f5e329595,2
1fc6f94cc,4
e39881452,4
56d7f894f,4
1eb9e12e8,4
76e071fcb,4
8ccb8778d,4
0e1f78a77,2
654acdb4b,2
249b350de,2
d08d2829f,2
ffdad97e5,4
8a420e638,4
8396c07c5,4
e9d8c098c,1
d1ef3e54a,4
a118d66aa,2
da4a5403d,4
7d4fceffc,1
cad25c91b,2
24890da9b,3
ebabceece,4
bff5e06f5,4
01d0a7f3f,4
aefafcc66,4
2b46246db,4
35b1c5db4,4
01c7411ef,4
9a9707c98,4
d3411347b,4
63d254530,3
fdd191ba0,4
99c110585,4
ff127e4d3,1
2e1448ee0,2
91389ff80,4
b3971f06b,4
1fd1d2349,2
25fce0465,3
d5abad72c,2
ca902248f,3
d02861aca,1
1fd056050,4
1ea31c6df,2
7e681c7eb,2
251f4dd60,4
12d514ef2,3
4d40cfa55,1
2bd8e5830,4
7193a5332,4
8b3afe216,1
2e77e1c78,4
42149c9e3,1
8b34370aa,3
df4d893b9,4
25b827551,2
909d9e158,1
dc4747d5c,4
ab8a8e5c9,4
28af5e0d3,1
32cda3189,4
f296a9ee2,4
0ce5d0b5f,1
77d4eba90,4
be4275440,1
89a396d79,4
fc93e5aa5,4
a5a71bc27,4
c09e086c8,4
04e829d49,4
15a828f9d,3
5b539effd,4
4133ec13c,3
a59aa3f80,2
b36616178,2
0e56a693b,1
e5a2e7156,3
1f6dc1747,4
b18e25ae6,4
0e736f310,4
0d873789a,1
dcdb6907c,2
f8d3b2e51,2
bbaa4a431,4
bf74b13ab,4
b47109e90,3
b5c41169c,3
c5f20f40f,3
375794bcb,3
5ff246254,3
656246ceb,4
d2f099410,1
907fc239e,4
788e8757d,4
c02ce1bc0,2
1de2c7e27,4
b40a8ff86,1
da962d158,4
2aadf6110,4
b271a8246,4
d67c5c6cf,4
7c37095b6,1
2dfaf69b5,2
8edd5d505,4
b1367c404,1
f7c487e58,4
e2ecf822a,1
8566a1bd5,1
99af63c63,2
4a8f49ac8,4
a12bb119e,2
e5962e049,1
b98512188,3
ca39efaf2,4
c001473a1,2
2e417850b,3
4eb9c5991,2
b517c8c90,4
b08e63db8,4
5113edf84,1
8c0eb7188,2
b15d56540,2
bc5058e64,4
3ea675148,1
8ab591301,4
a6c836abe,3
0e8a11aaa,4
20854e428,4
d4beefae9,4
8bb34f0bd,4
c23b6bbf6,4
75f94bea0,2
330943a7e,3
c87b301c0,4
be59708a0,4
8a2faaf1f,4
db194aec8,1
b6492d3b1,4
4f1bf01b6,4
e9cb42d59,4
a91141912,4
f82aa539c,4
ca587cb42,1
8fd0bd843,4
22e73ac3a,1
d6e372a1d,4
89a6620e3,1
7eae805cd,4
fcf377cce,4
1ed0c2a41,2
a8055a2ba,2
50bbe8e31,3
ab4f161ae,4
bf5eb5d00,1
9fd804400,1
c50926700,4
75a4a14ac,1
e58225b2e,2
f51f68a13,1
a0f3a1cb4,2
35ce89b5c,2
bf50b399e,1
26901ccb0,2
640a267a9,4
393d6bda1,2
41a7d5bc2,4
f24000fbc,1
17bdf954a,4
2b446dd3c,4
397be6b99,1
791f6c077,1
14a1d0eb4,4
6d474edc5,3
687be6419,1
41d6c5f90,4
596c81470,4
80bf7a371,4
a54202bba,3
147d6fab7,1
47ad7a82a,4
fc0952bea,4
a79fe858d,2
11fa9d216,4
6ae92889d,4
e317b2a73,4
d147c39fb,1
f394d4aad,4
e03ec2a98,4
3d751fe45,4
437b06047,1
85594fcaf,4
b4b4969b2,1
b47536db5,4
fde52ef8f,4
71cc0a02e,4
cb8d79ada,4
104910cb4,2
dffb9869f,1
6735cc397,3
36632f72b,2
e064d3504,2
838b5c426,4
ab1777794,4
5bb7dbfc2,3
0b243ba27,4
9cf90beff,2
119835ef9,1
afb230f5a,3
5c60f7300,4
c9e2b26c4,4
6945dbebb,4
81a176a02,1
ac1a70774,4
e809de3b9,3
487bbfb6d,3
6ea58b8ac,4
0fea56eb9,4
d4bb8cf0a,2
d057b97bb,1
9f48a8fe6,3
9a9f6c753,4
39adf62b4,4
0ace65bc4,1
fa1c96e93,1
b1b2aae50,2
e570d64ac,2
23cdf5f21,4
e909c484a,3
1cba86658,1
e8e054802,2
1f3e595eb,3
77b247a02,2
5110ff5f5,3
5b64325b9,4
c78cea205,1
33db028cb,1
41ae99ff2,2
1b8ef81e3,3
7c9fdd0ca,2
f83c963d2,4
ab35738e4,1
42b3d53f8,4
810ff9d37,1
05e3bc1ae,4
b4570b618,1
8d7c78428,3
0c05a138b,2
b94b99757,4
9b227ae56,3
6ae4fc251,3
4f502df1a,4
f32959003,1
29f54c6ff,1
b5cb75a44,2
e27adf529,4
b085671fa,1
ea9003f0f,1
8d8ff1b29,4
6a6e8e4eb,2
70a7a71fe,2
fe9307848,4
6868acfce,1
fd68d0b58,2
5c110b9d2,1
13469fc6a,2
0a796c967,4
f32a2c20a,2
e7020fa9a,3
0d7c5b6f6,1
c99720dbb,1
e26125d75,4
75642f3e5,2
ae116d640,1
f4e748c72,1
2318247fb,3
132670005,4
1ce555db8,1
f97c8edc4,4
5a3e60ced,4
01e4020da,4
db10909d5,4
0aa2ce4a9,4
c9a21c416,1
18c45e502,1
4de32c463,1
08b9a3a2f,1
d0566e4db,4
f3629735d,2
38d23c02f,3
9c788a6bb,3
c29fca356,1
7d835cf7c,3
d0e2179a6,2
8d05a7ab1,4
dad58d0a7,4
95314294,2
be2119ed0,2
ef3fad107,2
348a982e2,3
5fc91ab6b,3
1c3f79b11,4
c1b7a178a,2
a54497b9a,4
3f42bd15e,4
bb8795c8d,2
8913e5b27,3
22c2f101e,3
7f434b444,1
3cc43a157,4
10741c443,1
5b0f07923,4
62583aec1,4
5c9d75ab9,4
aaa9c8e09,1
573f51aca,3
b72bbd6db,1
88b4f478e,4
96c93dcc0,4
4dd89c859,4
3a682b74e,1
05aad3b3f,4
db3c2be5c,2
67839e63d,4
bdc7db9b6,1
f663a91e8,3
2d72ef0c4,4
216550479,4
442822be3,1
f13821512,4
22ff7ca25,2
a30e92cfd,4
3c2324232,2
f135e422d,1
b7fcfa1e6,4
52dae90aa,4
b7656e70f,2
640dbb3b6,4
86550c5dc,4
779bcf3fd,1
c576fd55e,4
204a3b926,4
5d9a6398d,2
f05a5801b,4
3d51f4560,4
2852d3c30,2
67dbd5ed9,1
80fcac43d,4
86afe98e6,4
594e3dc3f,4
79799da25,4
52a23ae9d,1
67d786538,4
ce9332934,1
2d880df4f,4
11a3055b7,4
ea11b6f12,1
ed6684f3a,2
dc9557824,4
5bd541f6f,4
850cb2e50,4
804c6c78d,4
172b6f611,4
db3f7a11d,4
cb7bfedd5,1
dfd0fbde8,4
345b95213,1
26627b528,4
15be0f894,2
4b932ab38,4
cbe4be41b,1
bf7ee1354,4
2f4b73413,4
e2bcb9213,3
9b7f2424f,2
563854d72,3
64dbb2214,2
a3d9bc3aa,3
0ece28cf0,4
a8267c4eb,3
6db8c5110,4
f0f6f4bd2,1
073484a7d,4
729042a8f,4
17e6747da,4
e25d4dcb1,2
4d3526802,4
9ec161c16,2
1cce33a82,3
792c38c44,4
15600cfea,2
cf2e67122,4
48d1bb550,4
2ca18c1e3,2
161718095,2
f05dae9bb,4
d45776f61,1
d23a71937,2
4831c683c,4
e4b550d46,2
1b368f29c,4
21b90ff68,4
6da65afb8,3
ea4c18b67,1
adc51c1a7,4
c2aeb6a1f,2
9351715a9,3
818b12621,3
eebee574e,2
b85cdc8a5,1
3bb1086d6,4
321c14446,1
a4e103d6d,4
3ab64c5a4,2
7ada9a854,2
7d1030b42,4
bdbe7091f,1
aea876483,1
078fb1715,2
db635ae93,4
2d304409b,4
c05b74b05,4
1e7159da4,4
d1ef0568d,4
a6e902691,4
e2a9dd71a,4
303ecdb58,4
aa8e2a85d,2
da405f364,4
eb5ce7ea2,4
60ddc474c,4
fb1adae2d,4
78a99e7a9,1
6480e3454,4
b5c553616,1
923a58e31,3
8d3b5e6e9,2
3021613fd,4
9945962c3,4
537b5f09b,3
d30c88c64,3
756d92515,3
902e7f8aa,1
db6b79545,4
f95b27325,2
a04a67a2e,3
bd70d885d,4
1d46f1061,1
6231ed9b3,2
0fae8116c,3
71c3f9254,1
06daf9c05,4
ecfcb4430,1
e736f4022,1
022429d5c,4
b3db0fa59,2
dffd9f2ff,4
84fbd99d9,3
db044e38b,4
57a93e9a6,4
a06a2ee4e,4
66cff2ed9,4
b39ead375,4
2e392586a,4
4f39ec246,4
e8d0907ae,1
0291e8ca0,2
c74126469,3
832110a99,2
cbf4de1e8,4
fd8bb16c6,3
5cc86be4e,4
bb5162df6,2
ffd61a488,4
e3e66cb5a,3
26161bad4,4
ba72b4212,3
78a1d23c2,3
81694b7db,1
258667857,1
c2e22f843,4
d68357af5,1
128293a4d,4
c390140c3,4
11bb6fca2,1
289d0bc8a,2
1e6970298,4
36ea16468,3
b70d0abec,4
1f82b8bf0,2
c969e8b17,2
4715f897c,3
c2284e2e9,1
38d0a0bab,2
8ca64b428,3
a2cd8b4ae,1
15538a661,4
4133efff0,3
7d6cd8ac7,1
0fe9d0022,1
9cfe96818,1
476dc0901,4
307b61689,4
a243c61c6,4
49ad94a6a,1
4ce29bb83,1
d6691251b,4
33f89cb83,2
3f38aabf4,3
9679275a3,4
1c2d419ac,4
b04b200fa,1
41ee5af3c,1
7beccedcb,2
96e1f20e7,4
092c46fdd,4
2de719b88,1
69d04f61e,1
dcf17ac48,1
6f3e4618d,2
27e318160,4
aeda0ac0d,2
f6d2c9972,2
012a1a396,2
8e4a80297,4
14f54fdb9,1
ee7d6cf3f,4
1bd200942,4
23d784a8a,1
81efac010,4
a9391d398,4
c72cb0d9b,4
8c5bf2766,4
6d98621a6,1
16ffedcf8,4
48fd10660,1
bfb33b149,4
b8d96cdd0,4
f64329201,4
2edfe6ec8,1
9ab460730,1
e74dd0579,4
e6f88d19d,1
07ee26c3c,4
f836696de,4
45dba413a,1
ac4c28677,1
1716cd645,4
514db7301,4
458e8f61c,4
94dac1ddf,2
306989556,4
2c08a034c,1
21c163648,2
a655655d4,4
05486faf5,1
f1c49dd17,4
2b4017cf2,4
fd67a3f2c,3
88b60278f,3
92189aa31,4
0a40d8c85,2
0fcc3cefe,4
3f9f466d1,4
cc0d4cec3,4
a24a102b1,1
80b25cc78,3
8509ad722,1
45320bbe7,2
7e5d4e317,4
3ecdd4122,1
6314ae1c4,2
aa4b23487,4
110682438,4
49e7b59e9,4
780c099b4,4
6c3222742,3
5ae7359ab,2
f1ceeda99,4
aa328a5ba,2
0ce866a04,1
9883a048e,3
5f7343089,4
004c2f355,1
488bfc285,1
3ebe9f7af,2
74084fa99,4
d010fb743,1
07128a0d8,1
97dd55a08,4
b83e15288,1
bec55c577,4
227b372a2,2
ad90d4962,2
71cdaadb1,1
c5756030f,4
6e6d8b614,2
fff4a6420,3
a804fded8,4
a88845c74,1
4b0662306,2
3c03a9912,4
95b0b4cd9,4
bbc6d3812,4
23367e78c,2
58695e2f5,3
bcb22c952,3
732a2ed35,4
707b0c535,4
ddc2e31c0,1
4c594983d,4
6df350974,2
ccb658698,4
eb6c692dc,4
63f2e0940,1
a2e22831f,4
118c1147c,4
829ba7bfc,3
af9d89c50,2
9e27976e9,4
c4feb7269,4
99dcd9020,4
bfc46890f,3
7e704dadb,1
8fc22fd2c,4
cc8518f88,3
316f30229,4
bba3070ad,1
b6c338f94,4
2267e1584,1
410707dda,2
68838474a,2
c1c16ac86,4
c2b92d7a0,4
afefc6424,4
bc5dade47,4
05d10428c,4
010a59236,3
021cb10fb,1
dc3ebf72a,1
afda0a2dd,1
9fce612cf,4
47fc12331,4
e0ad66343,4
d973f1d5c,4
29466dcf4,2
716167b76,4
f904be121,2
36c4871dc,4
d3f0d22a7,1
20fee2991,4
aeb17dd99,1
eab1d3e9f,4
8f1d6224d,4
e7a8fea6b,4
9f2251ffe,1
a76cbec89,2
94b6d93ea,1
5f9cf8892,2
ef086278a,4
b1ed265ef,4
5afe2ebbc,4
6521d5af1,2
d99c980a9,4
098b6e1e6,4
abd80f666,4
cf77fed94,1
31912a7d7,4
84e146ba6,3
3f0c30d12,1
c611f493b,3
1f2d73626,3
1ae9a98d3,3
ccbaa4592,2
eb77ec282,4
8feefe84d,3
5d02f91fc,3
cbd8840cd,4
4b1f93aac,2
c924a03e8,4
36b57b1ee,4
f2eb9530d,4
fc7b01af6,4
ab2bb4a0c,2
062b387cf,4
86f41cec9,4
15df9cd46,4
d320b7121,4
fd059b5b6,4
0cbe33a44,1
563eaa005,3
bad338993,1
ceec02726,3
b2d35633c,3
d4b4f217f,4
35992662,2
9ca5f1891,4
4bd8b2b8d,1
00eca0391,2
590a78f0d,4
07638746f,1
0c47e700c,1
473280639,1
ecad4a875,3
7b5012939,1
ddd632a5f,1
7cfaaa67a,4
d0866146d,2
1d4940497,2
8dd8a7b9e,4
c8c8ce5d4,3
4446dde7e,1
f824e33a8,2
9c969d36e,2
7889399ac,1
db27a0a42,3
6ce40c2bf,1
b790a32cf,4
9fc14401a,3
82a108c64,4
d5b9cbf05,1
9d3d3b938,4
aecba8ecd,1
6114449db,3
418e88441,1
87f9ef7a5,1
75fa09239,3
0434520ef,2
cdab8ba8e,2
0b4ac75e9,4
4225add43,4
e1f0c1add,4
bbb0a9ac2,4
0f1a3ce5a,3
f6575f08d,4
0605aab21,2
75f3f26cd,1
05d2022eb,4
a426fc504,1
33d3738f6,1
c22078c20,4
5146f799b,2
063e2d021,2
1b5af7749,3
8311f29c4,2
9866d1bd1,1
08bfdc66f,4
429296d6e,2
f385d9645,2
182aec7a4,4
4aa44d3c9,1
0d653b602,1
c98d16315,2
b69d479cf,3
e32f5a36f,4
cda31e59d,4
f03af5072,3
bc03cb42b,2
7ebdfc3b7,1
1448e3b1a,2
ec4ed9fe6,4
8f15fc3d8,2
719917454,2
5842f1ff5,4
b5974bdd0,4
12b47b4e8,4
598f49a8f,4
6029bf590,4
e79dc4f9d,1
60b9421cc,4
5d3289417,4
2fdc23bcb,1
3af847ce9,4
b8dd18a5a,4
36f1c9d61,2
695925a2a,4
d81a46211,4
93c9866b0,4
925c3854a,4
7d52177d6,4
8ab1bbd3f,3
5452fea14,1
2c23cf72e,2
c7315e345,4
e1ecc1b26,1
73d65de2d,4
59e24567e,4
d412201f6,2
064425a21,2
538b47698,3
220d4394a,2
9c178d0f4,4
9f4f97c61,1
95183dc31,2
0c2e0fc7d,1
d898de7ff,4
a77d17ef8,4
452a50855,4
c675f3b10,1
ec0ef9572,1
d9b894731,1
d2d37c3c3,1
af1125994,4
84ce5f32b,3
00553ae55,1
fc9b4b692,4
182faa94d,4
c74abc080,4
4df0d1886,4
1ba69dec6,4
d083a22c5,4
c135e081f,4
93692767b,3
40713e16a,1
6d55edd17,4
cf8d949f9,1
0a536633a,2
4d73d97fd,4
44d722701,4
5b9d80473,4
df26f1098,4
e08c4940e,3
8d862cd26,4
a75bbea18,1
a77b63ee1,3
27b6e5aca,2
04ea19d2b,2
234a5a54c,2
34452eefb,4
c9646e275,3
cdf03dc31,2
7bebfc2a8,2
86953ea0b,4
3029fcad6,4
1e45f7387,3
737413132,4
c0c1504db,1
d202e4c9c,4
8dfb61116,4
acf289a37,1
7b79e52f0,3
7a72ba3d7,4
c43ecb3e1,1
953e3ebd4,3
27830acaa,4
1a6729b6f,2
7915144f9,3
2932eac8e,4
3f7b002f4,1
0338fcdaf,2
ea062393d,4
e899d33d5,2
71d3ecea7,3
1cf66aed4,4
caa967274,4
777f82721,4
8f47e7ad3,1
d79342c8d,2
5c150efc9,3
4c9e42452,4
d2d9924f0,2
0f2879b04,1
d946f7a55,4
1a76190c5,4
33a51709e,3
9ea8e240f,4
3c3615b2d,1
3c9dbc88e,4
47ec9e919,4
21c955172,4
7964fc4ad,4
52da0c86c,2
dc3066d92,4
300337abe,2
ba311fc1a,3
b4f476ab1,1
97baac4eb,3
c80811400,4
40f1ee340,3
380e603cd,4
4d43092e3,4
f6b229568,4
6f3e70321,1
9c8209bae,1
2d584af81,4
ab4a00203,1
fad982f0a,3
5152dbfe1,1
f557e9262,4
a7a94dd33,1
cc492b6b5,4
2f3bed708,2
dc20a0cea,2
8563bddec,4
20b7e24b2,4
7975df564,4
d3ffc5c1b,4
61f22ed16,1
9791b85de,4
2a734045b,4
5e1c62c0a,1
b8976d821,2
5cdb90323,4
d5df34957,4
8885f346b,4
45d1d74ca,4
082c6dee3,2
e1a2d9477,2
3c5a98448,4
13e0627dc,1
a17411df1,2
219444cb8,2
c879064dc,4
1adb292f6,3
99daba941,4
df70eb456,4
36d7fc2c5,4
2e6fc0342,1
b34dce3d6,4
968c82e07,2
74f3293ad,1
ff85f13d7,4
f03ea3fd5,3
5682330ad,2
9bfca7e65,4
4f58a37d5,1
784d3319e,4
fa3df8921,4
09b5921e9,2
3c5e8cc5d,4
4479fdc71,1
59d95faef,4
7f74af51f,1
3ea00c9fd,1
bb051be7c,3
f4bc92fc6,3
f5e793c38,4
342400751,1
78cb569c6,1
9f5636404,4
3ff737b0e,3
6eb34434d,1
bbd898405,1
a2ae5fa7d,2
7b70b7048,4
ffb315803,2
183e445ea,1
451d17b57,4
fe790ba60,4
e9e4424a6,4
5bbf44cea,4
1f949d065,4
01a985b44,1
24dfcc985,4
21a1b528f,1
e989ad83f,1
533c528ec,1
90055a5f2,4
9a609ef71,1
78c3c7f21,3
0eb101936,4
8655a46ed,4
f9a3f579a,4
e49b7c262,2
a76937df3,2
bbd225f09,4
34ed5aa64,1
5ad497d30,1
5a4b6ea39,1
e133ab2f1,4
7ff979d3a,4
c0574c31a,4
920cfaad3,1
fa6c44396,1
1d9c36e47,4
c12b5f5de,4
51572cdd3,4
620796ee7,1
33dda6165,4
d734c881a,2
08b454900,3
0d508e63a,4
ddeeba131,1
b03c17502,4
b1d936001,4
fd39fef15,3
a7baf1366,1
1a61a5963,2
67578d32f,1
2f03dc1f4,1
ffb3a78e1,2
ef1966105,4
2aac3e0ac,2
e63a7dd84,4
c0d50b9f1,3
4f9b31590,4
b744f152f,4
2107c9788,1
f995bc16c,2
3304185a1,4
b6c59bc1e,4
cc25fb529,3
e22b9edd0,4
f95b39c6f,3
57ffecfd8,1
8ab904da2,4
3185aa328,1
4e9358756,4
a688a434e,4
5c7d61133,2
89d8b797c,4
9a218ea6c,1
243aaaf6c,2
813db4d5a,3
c8d22c965,4
5296fb183,4
525947b88,4
09b3b9dfd,4
fd3804c20,2
12ba67e43,2
09e64ce2b,4
cff3127ad,4
94b587221,2
221cc9a2b,3
db5d27601,4
e5b7f6fbe,4
903523a17,4
35d04e039,1
ad5692ee7,2
470fba174,4
8a17130c3,1
27cf74bf1,2
45bf47f58,4
210c4a637,1
3cfec8730,3
d45e400b8,3
a9a2b71d8,4
106de20f0,2
ac9fefd28,2
f073c005e,4
4fec4436f,3
a1ba2f016,2
ed89380a6,1
ed9885dcd,3
27f0a51cd,1
239326fd2,1
2e2b3f60c,4
906ee1877,4
e801cb768,4
0f9d7b0f9,4
e9eeadf82,4
4b5532afb,4
ab17ce306,2
e470b6bd3,4
d1a2da8ef,3
f72db59b3,3
11f773e2f,3
7ec261d88,4
db71b8b85,4
3fd5af157,4
e4a48ef49,1
e282d2bdf,2
7448f3165,3
bf1b733a7,4
0dbb0a012,4
0a98163c8,4
57d556084,2
a6236b3b8,4
d99012d9f,1
f0ef9c777,4
ba7b8cac2,1
99a9c9a23,2
7268e9e21,4
cff311279,3
1c9e913d7,4
4c74d479c,1
e849142b2,1
daa7f33d4,3
fd8c80281,4
94ec1c180,2
c753c9bd8,1
a56c46193,4
2b0896bbe,2
2416a2da1,4
3b41cf42a,3
5cfd4e3bb,2
f253bd6aa,2
20cb13be9,1
7de2f688b,4
70900313d,2
5606b4630,4
a823f714b,2
978526235,2
85a0bad4f,2
e0dbd7901,4
fffd78a11,2
5a567392e,3
69b2e9f3f,4
951f0f32a,4
aee21db9b,4
ca76729c9,3
ff5158511,2
bd2ad0f9d,2
ae9a09ad6,2
4dfd61242,1
1ef5b1310,2
4e8ae40c0,3
c1aa11cb5,1
af86d93ba,4
426662616,1
08767d88e,2
2db00a064,4
a8e6ad61c,4
ce27c0f68,1
1108027ef,3
514202b22,4
7687b7da2,4
b84dad49f,4
615f2f661,4
cccbf8c47,4
196504d88,2
3b61f8d97,2
f3367a65d,3
125edf869,4
a144cca8c,3
e156e8aa0,2
1528d2a61,1
f1f0972e3,4
49b868ae2,4
5792107ef,4
b96b7da59,2
ebf5e5e77,4
c491ec026,4
7af35cc82,3
d6fe9ec65,2
991c722c1,3
e4f7394ef,4
62eac41fa,4
b89c365c3,4
98780fbb6,4
3f108e7bc,4
c1df421c4,4
a5746676d,4
662011890,4
414d8422f,4
d1870f34b,3
8e92ebde6,1
9af3fec83,4
bb714a80a,4
3f2785c07,2
f861fe441,4
40d175d61,1
6a00de73d,4
cdc958646,3
6da1ee245,4
dc23feccc,1
441594b56,4
4b431377d,1
ef15e6473,4
ae3ff3cbc,2
bac8c1a73,3
4872c28b4,4
a0909c2bb,4
8cd1d06ab,4
9f8c97661,1
65df826e8,1
6ff2ae40f,4
93bffe78b,4
1b6f92bc2,4
fa1a30192,3
043d8c534,4
369dc90b6,3
b7a54fea5,3
1a8503d2f,4
8c2aae63b,4
e79f310db,3
21db2af7c,1
9c0f6076a,2
9eb70b7c4,1
3584bf68a,4
06dd351e6,2
662f8c2a9,3
72f6dbb1d,4
1f0e01c1d,1
859b1b236,4
4c4ba8c4e,3
edf3478dc,3
5f2edae7c,4
4f5f178e6,2
b3170958f,2
10f1688d4,1
5b554c6e3,2
d6209194b,1
0d55c2e2b,4
cb860243c,4
5902c3051,2
0d6696a32,2
90f1b0525,4
ee5f5db50,4
7a1d75edd,1
72896003b,4
5dca19c12,2
840bad15b,1
b80a19455,2
d596234fc,2
6344c2cde,4
be7fbd988,1
aca81d4a7,4
6914ade58,4
8939a1ac8,2
0880d7f1e,1
5c810c552,4
d7454afee,4
615afad71,3
fcae5bea5,4
61be9a64f,4
6c9696bc5,4
5dce619e3,2
f017041ca,1
d8060a227,1
efbf1703a,4
146b9d6e7,4
0ecc1200a,3
fb9a96204,2
f4415e636,4
ff4b9b3b4,1
5a2a433c2,3
c7aa43e1a,4
b1e8c0afc,1
2cf4d18e3,1
e58bebf13,4
412d7406c,4
4c1a9d86f,2
c67b1fa40,4
bf9bd91e1,2
92ee0c92b,4
02a2a622c,4
7ca780c35,4
688b3183d,4
ff867121e,2
4512e1ea8,3
096a97631,4
2172fb9fa,1
2edd45e56,4
56ba19506,4
c67d871e3,4
193781ef0,1
550f8a3da,2
d71310023,4
e985acab0,4
bbfc5274f,4
df706fd55,1
1d911bffb,4
ace26786b,4
70c30b53f,4
7aef49fb2,2
7c9e28902,4
4a9d058f6,1
a29c12bef,4
6ab1ff108,3
01142a354,4
898ad5d4c,4
31dcdb872,2
f1775b51b,3
1ef0bf320,4
6cfba936a,4
262d7f006,4
1d5a59ca9,3
cbd5f7a45,2
04372b78d,2
c62324387,2
80524f9cd,4
53759835a,1
439f040ed,4
7b67f6ed6,4
ff9ce365b,3
fb89569d8,3
17ef602ce,1
8ba0c6894,4
a2dccbe51,4
0c5b71bf0,4
b488dc067,4
ff8e4c708,3
3de1d3794,2
335f2c11b,2
2d758a13b,1
2edeb7931,4
61e7f4ebe,1
7993d67e3,3
b8580c770,4
cbd0bf6b1,4
2c401c793,2
88d5f9129,2
d9fe690c2,2
b00ce0fd0,2
f0ebfa37d,3
3d277ebe6,4
48a3fe4ac,4
7d930d08c,2
ca75db93c,3
a5ec4df1d,3
8d76a1b7f,3
3503528f8,4
c517992c8,1
126cfd595,3
cf3491020,4
e73038b62,4
39818f12c,4
052b0ada8,3
f246dec63,4
3e13d34d6,2
37cb01a87,2
615df1d7d,4
b2d7d59c9,4
5e5f1623c,2
f212d0cdc,1
931a50b80,4
21fc38738,3
58b4ba48f,4
9a627ad95,4
f86b59db0,4
109c4f5a8,3
27e8956dc,1
a27f0cc49,3
4c6dc89df,1
18a8b9b6e,2
35d9045fb,1
8fe11eb90,4
1de8444a7,1
deaba5702,1
b88fdc7ba,4
5e1856e1d,1
bfaca902b,4
bb90447e5,4
4e37bb1e2,4
c41283409,2
632b28a99,4
b49d7a9db,1
4559bd457,4
1ac7dad15,4
326c9c979,1
d139783fa,2
691a8b7ea,4
c68936b74,4
21f095582,2
ab9dd85b2,4
d8fc9bc28,2
99ab7c701,4
1d03b6d7c,4
1a38aecad,2
2b4c4793d,4
878e36da4,4
3cb155233,4
ab821872c,4
059cfed40,3
24737dbd5,3
c251767cf,4
7b2336880,1
840c965cb,4
9d6fd0eaf,4
113bc00e8,3
7582d1ab2,1
c82705cf4,4
5a17ff971,1
63912e2b8,4
af1bc9216,4
68046ca33,4
8a6701090,4
c77a68714,4
c2016fa08,1
62ad62e0a,3
4a56ae509,4
39f1d116e,4
2ad939a78,4
1ba29c00b,2
039fea576,4
1ba488d80,2
dbcfcf50c,4
ee71508dc,1
b7d23de06,2
e877b448c,1
f40b68c08,4
0c64a0f1b,3
b677eae2a,4
cabb4127e,1
815f4cc08,3
6bf7eec1e,2
3d3aef491,4
0690278af,2
0940ecf2b,4
639a4bcfd,4
8abd027df,1
727d25d09,2
861c903b6,4
7d18ee078,3
924cc5438,1
6cfbd44df,2
e95bb9197,4
2560aee80,2
9daaa4e8f,4
a6e25e889,2
b35e6306c,4
b26aecb5a,2
92bf36222,3
db33da35e,2
76358e754,4
ad002785c,3
dd5f93066,1
d1878035a,4
0306e85dd,4
f0e24b0aa,4
02adb269f,2
43b99bc40,1
bd485150e,4
ec57adce7,4
51c99e8fb,4
3b5a8db4f,4
ef73ab8c6,4
dee6cea2a,1
067d0ccd3,1
1952397d3,1
6f08e9c5f,4
084b7e7eb,3
70503cc75,2
1f6849a20,4
0bcae32b7,4
473af1ce7,4
64c6eb71c,1
982dce813,2
b22e78544,1
4bce78644,3
eb1f799df,1
70a90deaf,4
c76384236,4
b3bd4c99e,4
b5b84493d,1
31e9530cf,3
1833aa7d6,2
e40a90daa,4
91e1bffc5,4
5c60d114f,1
63521459,3
124f45c2b,3
2831bd2b0,2
ee2def69f,1
945a7a8dd,4
8fa1c5c38,4
d9c54752f,2
f20390dba,4
960de1fad,3
7a875ef01,3
b4f1bc76e,4
ba7ade913,2
9e2af0f7a,4
1d8d037a2,1
6c196faec,1
988988d5b,4
9197674f9,4
dbea554c3,4
ba16888d7,2
d6715d925,1
f068b8fdd,4
a71f9ca6b,4
07ae95ddc,1
e62c62127,2
24e800fa6,3
becd6c70d,4
3a36bdba5,4
b03b1a110,3
3d2745318,2
752491221,1
dff390828,1
73ab55e8c,4
93219ad95,1
f2816bd92,4
7d6298b6e,1
234b2a6b6,4
42a8d4f4a,4
9427a0125,3
71510cf8b,4
c0677007e,1
a684871b0,4
ffb33c204,4
63a4f8b8a,3
98c265a0f,4
f6db28991,1
4cb849b69,1
a9c3f27cc,4
33752346b,1
f447d931c,2
ec14446ba,2
f3fd77fe8,1
79a6cc443,3
16ce3524b,2
387147d00,3
595b8d58f,2
f69176873,4
65c2785b3,3
a6fd3df67,4
c7b3c09d4,2
d86f635fb,4
6fea8ac52,4
fcd21f3ec,4
5e9539f73,4
15937e540,1
2d6d161a9,4
2b38b60d2,4
d1f444e66,4
f5d514b10,1
91328d9f8,4
fd9375e71,2
a3e73475f,4
b4cc525db,4
b3e897856,4
c24017264,2
0cb450c62,4
856005eae,1
bc14f3a48,2
8cfba1686,4
a9fb31e59,4
7fe0a86f8,4
353187b3d,2
b41cb9e51,1
e204110aa,1
1a4d9f6e1,4
95d951387,2
4235841ea,2
ee459f62d,4
576f4893f,2
9af15c8f1,4
79b3d41e2,4
e15353d1b,2
3bb0c9458,4
ec13e5f25,2
01dd8880a,3
c5574bf3d,2
2d6e2292d,3
1217eecab,4
f9994fbae,2
4e00cd0ac,4
7ed3e206a,2
b4ba15dbc,1
7276be56b,1
372433bc5,4
dd62a2e7f,2
694a730b4,3
c042fa2d5,4
79420447a,1
ce5e6e407,4
60bbc32b6,4
ae3ef6983,4
9795ce5b0,4
1d6944a82,2
f6551137d,4
506fa1d6e,4
cbb64ed77,4
7fd7b7583,4
4bcc9f10a,1
82530d72e,4
f9934b985,4
d31cc5eb8,4
597ff6946,4
1b1ddc50c,3
95914d469,4
b6c464fd3,4
d4850786d,4
7d19330cb,1
8563d2004,1
d4e83ee5b,3
fc9773fa5,1
353c89ed3,4
47163bb58,4
368b2adc1,4
e53cf2373,1
7ca7983b5,3
fb507a1cb,3
a1eb5f685,1
86f4297b4,4
062de1f53,1
62332ea2c,1
7f6f8b365,2
c960bb1bd,4
3dc98128b,4
2e3bec724,3
c7575df7b,4
0008c5398,1
5893f7a9e,4
e5aa922d9,4
523af701f,2
1b1fdfd71,2
93ef02488,3
73f5dad5b,4
497ef36aa,4
38e3b6744,1
56b5845d7,4
6fc17b073,4
b48aa9d4a,3
7a25c5a12,1
44175f75c,4
d3968a6b0,1
50e35cd70,1
9e5476a10,4
4d28b3255,4
25c7b5c5f,2
ceed27182,1
c1aa4142d,4
d8128cefd,4
2fd882044,4
596d623f9,1
2b47d7f0d,2
b6450abed,4
826c26e34,2
f2a6e7dac,4
92e74870e,4
0caa3437b,4
b8aa48ca7,4
05f00d521,2
d08bc2c0a,1
0cda0894a,3
33c73d9ad,4
eceb03b88,4
97cd20357,2
09bc86c05,3
43bae1c6d,4
979e3f8f7,2
86547ad6d,4
796774834,2
a01ab5b30,4
ce344f70e,4
c9206bc13,1
55e32b4b7,4
81075b785,3
49c216bf8,4
fdb71d0c8,4
53db5839b,4
7a12a494f,4
87613aee1,4
ac2f56dbf,4
66d4911f9,4
68071559c,2
c9d333b09,4
c4e1afd9e,1
e21227d75,4
68731378e,4
714b4fa64,2
c4277da90,1
7f7e9db52,4
42444811d,1
3681bfdb9,4
62da2d031,4
310ea711c,4
cb867cac6,1
81301773,4
7c7a54cbe,1
b410bfdfe,1
accca912b,4
d6e6e7d6c,2
b256f479c,3
ef14eb18e,2
97fe7f730,1
807e3b981,3
f1fe2758a,3
ee8518e4c,2
86ea9dda0,2
610ece7bd,4
1de8d0099,4
f15d587a7,1
0c4e78176,2
9809485bb,1
6f7d23e2d,3
7998c5869,2
239047f66,1
31b7a54b6,4
d64f2a210,2
78332e36f,4
2f73851f5,4
e8f7d9542,4
dd38f7a48,1
4b4bb2b0a,3
839404d8c,4
b95d067a2,2
7f78e79c0,4
ba79cfddf,3
dfefbcea0,4
83d36f269,4
dd8f63c0b,1
282c0ac61,2
5145c1766,4
c8a528b69,2
d11425b98,4
89d80665a,4
52ad1225c,4
e65ac2a2e,1
f08b9d3c3,4
09eca4557,1
7cd898f38,4
63afbf2f2,4
9d513f46a,3
e6dc7116d,4
3485ea1db,4
5f2c67ae2,2
486f89692,4
6709f43e8,4
08267e916,4
7b1211e80,4
fefb3826e,1
a85a1c8c3,2
e04df6caf,4
0af142ee3,4
e4da1c9e4,4
5e696928a,4
4887999cc,1
4d8bc908b,4
2cb1d59ad,2
c98ae8e1e,2
bc6d86a40,2
c81a8045f,2
d7f98a1a1,4
400eaa6d5,4
545711134,4
40de6ecb5,1
d6b97e7ca,4
b0e26c028,4
eb42f77fd,4
f4d945501,4
f261c9968,3
3735485c1,2
60875e5f0,4
8f2daa8e3,2
0f0219fd7,2
34a6cc7b2,4
86ac4d6b6,1
401fcc4c5,4
c80041cdf,1
5314d64ac,4
0d1067e63,1
203e2bd3c,2
2a52daa7e,1
743b67b44,3
86d02f6a8,1
ed97f6919,3
faf64d6a6,4
3f8824a3b,4
8cdad4b1c,3
dffa9e326,4
e0e241d57,2
899859c9b,2
ab3759aae,1
7efb36b65,2
d3bafdff5,4
cb295209a,2
474db10df,1
e9feaab54,1
10a3c8b71,4
3fa0de4e4,4
c33c82dd5,2
38c82bfc5,2
3e158c21e,4
176e54ffd,1
b233246be,4
827ac9a9f,2
bf42a225d,2
c9151664a,4
fe7e662c5,4
45f9a9f66,2
f99231609,4
32f97388e,3
ee36e2198,4
5df99d229,2
ead9fb6b7,4
bdeeb6fe2,1
efe27171b,1
ad5021d77,1
01da89f29,4
d30068375,1
50361acf5,1
c1548b685,4
880a0ac07,3
c5c51218f,1
0f3434f36,1
e3f28534a,3
d4aa3713a,1
4c56ed2b6,1
9609a0b86,1
028d42a4b,4
9951b9762,3
1c107ce2b,4
70a534945,2
c4ff3b712,3
9862e5dfe,4
133ca8c90,2
9daa740bb,3
14398288b,4
0dfa8e172,1
9c263fbc4,4
828f48390,4
848c1d759,2
77d38bd16,3
2b9fd4034,3
e67b88329,4
fcffea7c0,2
b119aa181,2
f2ff942f1,4
1f4ebd382,4
5c716a537,1
ca8aec089,3
b7da4e981,4
a88733fd1,4
50682d0f1,4
b113401e2,1
bb2808ff8,1
19f5a15ab,4
6094997dd,4
7ba9cb4a0,1
8fddd8a5b,2
2ef182fc5,4
9d8032dd0,2
fd7c54ba8,1
01958f464,4
081199ea2,3
0f3fd67e2,3
f94991b4c,4
94dc821ee,3
6fa5384b8,2
497312a16,1
77014fe37,4
788ea6e94,4
3bb49d7d9,3
c3b05e0f0,4
9cda44cdf,2
2b1638a20,4
813bfdc93,1
986e26eeb,2
9b2316d19,4
c60193e34,2
4f7a70728,4
9e758c0b0,1
